date,scope,new_claims
2020-01-01,National,10214
2020-02-01,National,11594
2020-03-01,National,12736
2020-04-01,National,8907
2020-05-01,National,10212
2020-06-01,National,13601
2020-07-01,National,13910
2020-08-01,National,12688
2020-09-01,National,12543
2020-10-01,National,12551
2020-11-01,National,11553
2020-12-01,National,9930
2021-01-01,National,8865
2021-02-01,National,11610
2021-03-01,National,13558
2021-04-01,National,12072
2021-05-01,National,12816
2021-06-01,National,12734
2021-07-01,National,13380
2021-08-01,National,14069
2021-09-01,National,13177
2021-10-01,National,12194
2021-11-01,National,12738
2021-12-01,National,10090
2022-01-01,National,9317
2022-02-01,National,12869
2022-03-01,National,14622
2022-04-01,National,12318
2022-05-01,National,15733
2022-06-01,National,13937
2022-07-01,National,14928
2022-08-01,National,16857
2022-09-01,National,16868
2022-10-01,National,15367
2022-11-01,National,15885
2022-12-01,National,12441
2023-01-01,National,13095
2023-02-01,National,15181
2023-03-01,National,20326
2023-04-01,National,16005
2023-05-01,National,20794
2023-06-01,National,18808
2023-07-01,National,20867
2023-08-01,National,23446
2023-09-01,National,20333
2023-10-01,National,22460
2023-11-01,National,20541
2023-12-01,National,16784
2024-01-01,National,16174
2024-02-01,National,21636
2024-03-01,National,23324
2024-04-01,National,27384
2024-05-01,National,26582
2024-06-01,National,26119
2024-07-01,National,28584
2024-08-01,National,27045
2024-09-01,National,26738
2024-10-01,National,29275
2024-11-01,National,24898
2024-12-01,National,21369
2025-01-01,National,20163
2025-02-01,National,27257
2025-03-01,National,25940
2025-04-01,National,27246
2025-05-01,National,28511
2025-06-01,National,26253
2025-07-01,National,32698
2025-08-01,National,31063
2025-09-01,National,33501
2025-10-01,National,34160
2025-11-01,National,28927
2025-12-01,National,26044
2026-01-01,National,23461
2026-02-01,National,28440
2026-03-01,National,36478
2026-04-01,National,32288
2026-05-01,National,34218
2020-01-01,SP,3622
2020-02-01,SP,4103
2020-03-01,SP,4622
2020-04-01,SP,3306
2020-05-01,SP,3214
2020-06-01,SP,5063
2020-07-01,SP,5146
2020-08-01,SP,4778
2020-09-01,SP,4679
2020-10-01,SP,4340
2020-11-01,SP,4209
2020-12-01,SP,3608
2021-01-01,SP,3111
2021-02-01,SP,4397
2021-03-01,SP,5393
2021-04-01,SP,4551
2021-05-01,SP,4774
2021-06-01,SP,4969
2021-07-01,SP,4761
2021-08-01,SP,5188
2021-09-01,SP,4906
2021-10-01,SP,4280
2021-11-01,SP,4727
2021-12-01,SP,3472
2022-01-01,SP,3191
2022-02-01,SP,4475
2022-03-01,SP,5203
2022-04-01,SP,4276
2022-05-01,SP,5261
2022-06-01,SP,4977
2022-07-01,SP,5324
2022-08-01,SP,6243
2022-09-01,SP,5707
2022-10-01,SP,5582
2022-11-01,SP,6005
2022-12-01,SP,4154
2023-01-01,SP,4776
2023-02-01,SP,5304
2023-03-01,SP,6950
2023-04-01,SP,5318
2023-05-01,SP,7248
2023-06-01,SP,6654
2023-07-01,SP,7130
2023-08-01,SP,8390
2023-09-01,SP,6595
2023-10-01,SP,7137
2023-11-01,SP,6280
2023-12-01,SP,5328
2024-01-01,SP,5059
2024-02-01,SP,6723
2024-03-01,SP,6967
2024-04-01,SP,8577
2024-05-01,SP,8477
2024-06-01,SP,9079
2024-07-01,SP,8778
2024-08-01,SP,8442
2024-09-01,SP,8284
2024-10-01,SP,8939
2024-11-01,SP,7558
2024-12-01,SP,5914
2025-01-01,SP,6320
2025-02-01,SP,8228
2025-03-01,SP,7735
2025-04-01,SP,9021
2025-05-01,SP,8711
2025-06-01,SP,7928
2025-07-01,SP,9972
2025-08-01,SP,9875
2025-09-01,SP,10168
2025-10-01,SP,10801
2025-11-01,SP,8559
2025-12-01,SP,7732
2026-01-01,SP,7219
2026-02-01,SP,8845
2026-03-01,SP,11221
2026-04-01,SP,10472
2026-05-01,SP,11546
2020-01-01,GO,142
2020-02-01,GO,154
2020-03-01,GO,185
2020-04-01,GO,99
2020-05-01,GO,135
2020-06-01,GO,165
2020-07-01,GO,203
2020-08-01,GO,162
2020-09-01,GO,172
2020-10-01,GO,179
2020-11-01,GO,180
2020-12-01,GO,162
2021-01-01,GO,142
2021-02-01,GO,169
2021-03-01,GO,242
2021-04-01,GO,182
2021-05-01,GO,152
2021-06-01,GO,191
2021-07-01,GO,212
2021-08-01,GO,232
2021-09-01,GO,200
2021-10-01,GO,182
2021-11-01,GO,201
2021-12-01,GO,164
2022-01-01,GO,157
2022-02-01,GO,209
2022-03-01,GO,219
2022-04-01,GO,196
2022-05-01,GO,198
2022-06-01,GO,224
2022-07-01,GO,198
2022-08-01,GO,236
2022-09-01,GO,194
2022-10-01,GO,181
2022-11-01,GO,191
2022-12-01,GO,177
2023-01-01,GO,177
2023-02-01,GO,216
2023-03-01,GO,309
2023-04-01,GO,200
2023-05-01,GO,256
2023-06-01,GO,246
2023-07-01,GO,292
2023-08-01,GO,286
2023-09-01,GO,265
2023-10-01,GO,280
2023-11-01,GO,264
2023-12-01,GO,288
2024-01-01,GO,229
2024-02-01,GO,317
2024-03-01,GO,327
2024-04-01,GO,391
2024-05-01,GO,369
2024-06-01,GO,405
2024-07-01,GO,398
2024-08-01,GO,397
2024-09-01,GO,407
2024-10-01,GO,398
2024-11-01,GO,378
2024-12-01,GO,320
2025-01-01,GO,298
2025-02-01,GO,396
2025-03-01,GO,410
2025-04-01,GO,358
2025-05-01,GO,402
2025-06-01,GO,432
2025-07-01,GO,552
2025-08-01,GO,467
2025-09-01,GO,512
2025-10-01,GO,488
2025-11-01,GO,466
2025-12-01,GO,429
2026-01-01,GO,406
2026-02-01,GO,561
2026-03-01,GO,676
2026-04-01,GO,641
2026-05-01,GO,704
2020-09-01,AC,11
2020-10-01,AC,12
2020-11-01,AC,11
2020-12-01,AC,10
2021-01-01,AC,9
2021-02-01,AC,9
2021-03-01,AC,13
2021-04-01,AC,17
2021-05-01,AC,14
2021-06-01,AC,5
2021-07-01,AC,16
2021-08-01,AC,16
2021-09-01,AC,12
2021-10-01,AC,8
2021-11-01,AC,14
2021-12-01,AC,10
2022-01-01,AC,12
2022-02-01,AC,21
2022-03-01,AC,20
2022-04-01,AC,27
2022-05-01,AC,17
2022-06-01,AC,10
2022-07-01,AC,30
2022-08-01,AC,28
2022-09-01,AC,13
2022-10-01,AC,20
2022-11-01,AC,15
2022-12-01,AC,13
2023-01-01,AC,17
2023-02-01,AC,12
2023-03-01,AC,20
2023-04-01,AC,16
2023-05-01,AC,19
2023-06-01,AC,17
2023-07-01,AC,17
2023-08-01,AC,21
2023-09-01,AC,18
2023-10-01,AC,15
2023-11-01,AC,7
2023-12-01,AC,16
2024-01-01,AC,11
2024-02-01,AC,18
2024-03-01,AC,25
2024-04-01,AC,31
2024-05-01,AC,20
2024-06-01,AC,23
2024-07-01,AC,21
2024-08-01,AC,17
2024-09-01,AC,32
2024-10-01,AC,39
2024-11-01,AC,25
2024-12-01,AC,28
2025-01-01,AC,23
2025-02-01,AC,28
2025-03-01,AC,31
2025-04-01,AC,35
2025-05-01,AC,19
2025-06-01,AC,20
2025-07-01,AC,29
2025-08-01,AC,31
2025-09-01,AC,19
2025-10-01,AC,18
2025-11-01,AC,32
2025-12-01,AC,24
2026-01-01,AC,24
2026-02-01,AC,23
2026-03-01,AC,40
2026-04-01,AC,40
2026-05-01,AC,41
